r%,time (years),notional ($),PV($)
0.007599736,0.005348293,483.4491827,483.4296073
0.03011359,0.015072301,712.7120673,712.3934271
0.020456065,0.026281639,13.27557314,13.26850984
0.009519979,0.027671581,-368.7815029,-368.6848259
0.072449944,0.030813949,112.8176163,112.5747219
0.075454182,0.034572147,418.347914,417.2971394
0.006252955,0.075516429,380.3879206,380.2089025
0.055667875,0.078473269,23.55465241,23.45472986
0.03227021,0.080739313,-159.8855445,-159.4760724
0.066847962,0.080995668,-114.6086197,-114.0095151
0.070131307,0.086247811,1211.18031,1204.120414
0.011788867,0.088207996,739.2812186,738.5173515
0.07082355,0.090451159,418.16346,415.5832746
0.006948149,0.092782021,1333.987131,1333.130407
0.086374993,0.096737324,-429.3230237,-425.8960319
0.027945516,0.110337757,-155.4523697,-154.9803342
0.039579134,0.113114188,743.0043939,739.7492841
0.028431801,0.12489329,1565.457266,1559.985562
0.05508292,0.125184958,103.6062525,102.9131411
0.011144418,0.126545173,-121.77134,-121.6006789
0.005023109,0.142050344,480.5312563,480.1893607
0.062090411,0.152297324,481.2473891,476.8524977
0.005140304,0.155502818,-269.5294185,-269.3146125
0.009078678,0.167254844,-484.013479,-483.2823962
0.040412007,0.188583516,-163.4054915,-162.1892259
0.041590027,0.192579483,-46.36558463,-46.00316342
0.005657974,0.193280306,663.5903258,662.8670798
0.041671962,0.198594042,-666.1382807,-660.7590588
0.055131669,0.199608543,-58.8781273,-58.2507847
0.092481771,0.207079231,-279.170629,-274.103728
0.054371227,0.215770889,-367.6868653,-363.5103478
0.046277954,0.22498679,125.3044937,124.0355891
0.039544902,0.225309248,-426.2220378,-422.5138605
0.066252785,0.234607527,-57.63568463,-56.77475239
0.060472409,0.240894007,-789.0005119,-777.9194653
0.043785883,0.244126624,-182.7024451,-180.8009952
0.062707198,0.247051724,-190.819798,-187.974051
0.044929064,0.250303268,202.3158553,200.1024604
0.041779786,0.262869749,-1610.072708,-1592.842134
0.049614229,0.266279608,-83.64016127,-82.56863
0.036173488,0.286437831,319.8404067,316.6014388
0.068972089,0.287008142,-606.037988,-594.5470996
0.076132211,0.303188913,-22.11158247,-21.62511965
0.07144041,0.315171985,-39.13689485,-38.29493039
0.056866517,0.31564355,542.4849429,533.096568
0.071609021,0.316073465,-820.3185277,-802.580907
0.067155986,0.33267709,938.2427763,918.1728616
0.064618781,0.339290519,-223.7094286,-219.0067903
0.079581683,0.356678505,-225.4105169,-219.3373794
0.08906334,0.366189453,849.9035996,823.7609486
0.034671966,0.402138012,-464.726317,-458.3999331
0.069448024,0.403345297,-1561.747531,-1520.020367
0.056042785,0.408499099,469.2330705,458.8964897
0.081858934,0.41263461,-354.6954772,-343.3647148
0.077051622,0.419411456,-667.4393633,-646.9808868
0.045156947,0.419915628,522.3932683,512.7940241
0.048247369,0.424421564,-12.33385694,-12.08964747
0.046959548,0.42458487,-200.6039963,-196.7331953
0.087978699,0.428927959,-981.8109747,-946.935443
0.039291321,0.461118146,388.7884328,381.9402803
0.062521638,0.463138101,-235.3111077,-228.7938768
0.093880249,0.463507971,7.711134854,7.396997881
0.084167606,0.47321342,-420.5630411,-404.7836893
0.024187742,0.487008416,444.062269,438.9236014
0.05647414,0.495217438,757.5677578,737.2353543
0.012572224,0.495948622,-831.7530374,-826.6151741
0.054460341,0.508302469,145.9841742,142.1017559
0.067052532,0.524817838,-225.282755,-217.7386558
0.048814374,0.528579484,271.80278,265.0409764
0.076632034,0.534319411,458.2189056,440.4928101
0.062397325,0.54269376,1033.493039,1000.096211
0.064970594,0.548171296,704.2254148,680.3399877
0.042009323,0.562771269,-403.5976535,-394.3583192
0.042276587,0.575398327,-57.63804382,-56.28100644
0.079908731,0.583349634,180.0862708,172.1885544
0.013366052,0.587933392,469.7006692,466.048322
0.056571174,0.591273018,-320.586194,-310.3231142
0.114950125,0.601933663,494.3189757,462.9804384
0.045383966,0.605068263,161.1706749,156.8999586
0.101760024,0.609429889,42.67332901,40.2260549
0.044966199,0.617363476,-134.0959086,-130.5036025
0.056486575,0.617853286,492.7417609,476.293803
0.067835068,0.619431792,-17.28685495,-16.59814649
0.0853308,0.620888803,-134.2700334,-127.6141905
0.081757672,0.634116468,857.3094835,815.6338531
0.071927459,0.63453206,652.2077609,624.0868781
0.033004416,0.643124255,879.2396854,861.0687529
0.07367016,0.658133731,159.3549358,152.0716822
0.045328287,0.66046819,132.9140704,129.0788717
0.064360236,0.66361587,-532.5029994,-510.9114154
0.055139949,0.664411744,-331.9782687,-320.3481158
0.050626829,0.676410879,177.1227359,171.3035338
0.084387864,0.684125245,-150.7586097,-142.6301758
0.04722829,0.688142398,-355.4757478,-344.3647289
0.034372003,0.688865031,194.4080811,189.9345661
0.024917927,0.694499364,642.3696145,631.4826517
0.046950213,0.698467537,395.9869509,383.4980763
0.030453257,0.705584558,-15.00743924,-14.69312012
0.05326224,0.706450799,282.9140204,272.7303888
0.060949502,0.708937749,-252.8151931,-242.4304778
0.096063212,0.712526146,130.0054863,121.7805055
0.045575688,0.723338122,153.7658583,148.8878857
0.042955472,0.731622511,833.3543059,808.1017315
0.052278064,0.741972865,-579.6544521,-558.1474341
0.033575465,0.743636476,235.7449911,230.02609
0.047129447,0.744365473,434.9637683,420.3059088
0.092141019,0.74453124,-148.8914612,-139.4344507
0.057296285,0.75299262,141.5509202,135.735284
0.046606122,0.75340638,-448.8883227,-433.7439852
0.073666612,0.757734496,290.9075784,275.6539305
0.070113723,0.760640045,1100.068661,1044.802509
0.06435062,0.767206291,-422.5587874,-402.816797
0.1072487,0.771279036,-869.3431991,-803.6480253
0.0635391,0.773656423,122.777987,117.0637742
0.05977405,0.782766137,321.7089959,307.4164497
0.012965961,0.783510452,-316.1794888,-313.0041299
0.034098585,0.789312006,-351.6934161,-342.5076855
0.059747251,0.789332328,-531.7751159,-507.9664415
0.062188927,0.794587877,-124.7076518,-118.8703368
0.03837602,0.795249038,636.174547,617.405181
0.063262295,0.805984863,4.203842907,4.001056726
0.082516916,0.809117559,-212.417761,-199.2182466
0.097911693,0.813255496,-863.4299571,-800.267985
0.023808968,0.815652012,-108.2075033,-106.1505592
0.068147193,0.815683791,373.0253546,353.4959356
0.092906363,0.823640904,-406.3304986,-377.6599417
0.064415052,0.831983353,412.6283581,391.744732
0.032244698,0.832636678,-505.1532815,-491.9797525
0.050778306,0.843344925,524.1967809,502.7511518
0.032870695,0.847390277,-445.4279449,-433.3861754
0.030614833,0.861556012,592.1243645,576.9386836
0.090653316,0.862785663,519.4586004,481.9870567
0.043494059,0.908413022,36.52315545,35.13757231
0.012738126,0.913180813,209.3521764,206.9462585
0.034893641,0.91841696,595.6677351,577.1963767
0.008654341,0.91944062,146.6822509,145.524691
0.02509109,0.928052245,-800.8173541,-782.6099264
0.049951515,0.931530035,182.2392076,174.1494196
0.066501827,0.93718438,1535.246403,1445.349612
0.047477942,0.944215704,458.0476423,438.4191687
0.105077534,0.946515593,80.52692064,73.26038178
0.071025843,0.952901222,-60.75953014,-56.91385432
0.02679198,0.956582551,-104.0725405,-101.4734036
0.023704367,0.959095311,-43.32515676,-42.36251874
0.023794269,0.979869821,468.3587468,457.6901061
0.057428137,0.980125034,-303.0208011,-286.8821749
0.034627632,0.98027851,-276.8969041,-267.809261
0.002676887,0.981699557,953.7124408,951.2128108
0.057671439,0.98480881,-198.1202271,-187.4769837
0.074804558,0.986988259,-767.4828653,-714.7379468
0.014805129,0.9883007,22.89601388,22.56586047
0.046031337,0.99117479,-118.258376,-113.0992439
0.105929159,0.993483287,450.1953262,407.3414749
0.025149176,0.996021542,-534.6261733,-521.5621482
0.075994996,1.003366295,-168.6306883,-156.682062
0.049536075,1.013483925,290.8958664,276.9855112
0.009810922,1.01452623,512.1846972,507.1365861
0.013014301,1.025105283,107.2183278,105.8065302
0.005025377,1.02576181,-386.3292751,-384.3478952
0.029722425,1.026018976,-32.81167613,-31.84030944
0.042811339,1.039929835,-503.3415376,-481.8702056
0.093554217,1.040727325,387.6193947,353.1696028
0.089672291,1.041494821,-196.0213088,-179.2502583
0.08267177,1.048065551,472.2073781,434.4880611
0.085849112,1.053957331,108.7107277,99.67193657
0.052130985,1.058615796,18.16901387,17.21741335
0.074937831,1.0590094,402.6794676,373.0132216
0.095412816,1.060646508,364.65931,331.0619219
0.093736384,1.064685513,-978.3566369,-889.3392316
0.0403501,1.0802843,-332.8365853,-318.913056
0.042773486,1.082770717,318.0273141,303.9266923
0.076385547,1.085878513,361.5264344,333.7542836
0.028801983,1.086672043,140.165062,135.9061655
0.037110448,1.095857521,-158.6076749,-152.3990442
0.082111414,1.106987609,-90.91916759,-83.31377173
0.033412092,1.108966435,-1370.307165,-1321.26233
0.042345999,1.113254974,291.2575605,278.1156106
0.056565043,1.116975779,-91.47749425,-86.02461566
0.099052477,1.12584478,-158.2099279,-142.2503514
0.022760618,1.130673143,11.59094927,11.29972331
0.076888674,1.135725878,-927.7377819,-852.8801813
0.072884215,1.139600923,869.9011222,802.8821983
0.100789272,1.141714949,1641.741396,1471.263475
0.000991495,1.142362643,393.2367087,392.7917831
0.042960576,1.146122142,193.98967,184.8593274
0.077691901,1.146220413,-55.14174578,-50.60978775
0.075338537,1.148217876,599.4777813,551.5086362
0.071157519,1.15026704,366.6549699,338.7803889
0.077407225,1.154640329,571.7403921,524.5800328
0.027831059,1.158047226,-348.0751406,-337.1840887
0.040909009,1.161366109,127.0185971,121.2396611
0.086048972,1.162413419,-228.1695714,-207.2935995
0.012406987,1.18302558,208.3218034,205.3049717
0.064361668,1.183565051,39.22941256,36.43761515
0.045676633,1.188117909,-803.8600276,-762.3142379
0.026105845,1.20975812,-128.2779777,-124.3404103
0.04134528,1.218089124,-162.2168365,-154.405921
0.078634272,1.228052675,1582.568717,1442.086492
0.024716423,1.236990901,862.3110456,836.6566609
0.076686403,1.238431295,-532.9454964,-486.3428011
0.060941994,1.248517005,368.9408191,342.6732933
0.081238784,1.251631883,-1333.549732,-1209.349533
0.117332945,1.265696004,-186.5748589,-162.1319447
0.045611199,1.286828044,268.3114254,253.3453961
0.055282777,1.28864679,222.0154207,207.1423729
0.082031009,1.289159252,391.7605738,353.8997795
0.069316841,1.292085826,297.3995196,272.7296073
0.03173603,1.29407685,91.13649695,87.52528306
0.082881391,1.301357175,274.2464157,247.2514632
0.089139995,1.303606544,-394.5022466,-352.9449061
0.008327489,1.304499757,888.9087017,879.3441163
0.041184383,1.308222537,-723.1890732,-685.9963341
0.022215016,1.309696407,239.4374509,232.6454811
0.010327605,1.325296094,364.808366,359.874461
0.088071723,1.332516177,-231.2416474,-206.6423401
0.039317121,1.333123123,544.3659599,517.0871026
0.070005632,1.347317074,385.8845671,352.2614062
0.066653511,1.357643793,-471.1007427,-431.5866858
0.020896367,1.364256271,-122.0690381,-118.6730868
0.022373171,1.375898827,-900.5421046,-873.5392025
0.035899192,1.377488176,502.2748054,478.4556931
0.058887377,1.380409858,63.35665222,58.5449382
0.104187018,1.386347815,-235.5439358,-205.3051587
0.050196326,1.38648893,-345.4238368,-322.7460968
0.065422059,1.387316382,690.883426,632.7373781
0.029848356,1.391632537,194.0011927,186.2210144
0.111654463,1.392584671,159.519282,137.6563739
0.024075482,1.406705839,190.1790979,183.9199086
0.086850048,1.410787281,10.42757399,9.271620092
0.062986303,1.411426999,-281.3995234,-258.1555641
0.104652288,1.41308099,274.8883223,238.8223801
0.024075458,1.416503657,227.9795975,220.4249373
0.020939452,1.422323499,743.5552042,721.9586522
0.03020405,1.427859977,284.2995408,272.4730561
0.049787612,1.429784256,-420.0945906,-391.9011859
0.093036312,1.434479939,853.9965656,751.6844736
0.045635003,1.434901764,-773.6972315,-725.7089592
0.025350701,1.435144742,776.2834687,748.8879164
0.010200198,1.439078555,1268.648026,1250.25466
0.046750033,1.445685497,-256.6742534,-240.2678125
0.077918693,1.447221262,-739.2987545,-663.2248919
0.014687694,1.458288265,-781.812298,-765.3640214
0.070243407,1.465731868,368.879119,333.9416145
0.06570565,1.46873479,1056.485898,962.2144777
0.03868074,1.470944136,749.0444015,708.3751952
0.062665819,1.474221134,453.6456262,414.7650348
0.047978982,1.479679241,-179.814342,-167.7679697
0.046153113,1.479793779,769.2441154,719.5603944
0.019507883,1.48236317,-128.7366172,-125.1019831
0.039910171,1.484469194,-352.4999303,-332.605369
0.048456064,1.491162978,171.4309258,159.7516746
0.033395863,1.494501296,219.3113806,208.8043486
0.030408783,1.495101649,93.11039053,89.03229035
0.029783671,1.496180859,-513.4505297,-491.3922284
0.083578488,1.51028214,1030.15395,912.5425647
0.066871505,1.517331113,46.97620139,42.58165215
0.077825351,1.526078376,649.6797852,579.4659921
0.020721933,1.536251551,339.5947443,329.0613546
0.019332503,1.562489517,-96.22212913,-93.38594084
0.042893066,1.569247003,491.8799418,460.5071662
0.025157888,1.579716341,-562.1973138,-540.558163
0.102565996,1.580700863,734.7748935,629.6878737
0.067169006,1.585692182,-95.23589801,-85.90758516
0.091570905,1.594980302,-18.76720232,-16.31952158
0.030627149,1.599973535,-334.5170772,-318.7543457
0.082742628,1.602605783,-912.0782089,-802.9744711
0.044172248,1.603648557,575.4307199,536.8947018
0.100993711,1.608513527,111.3762809,95.40721835
0.044781716,1.610295615,701.1140869,653.3590498
0.047858344,1.610398513,-254.7598475,-236.2847768
0.009889093,1.614525382,246.7350138,242.8459226
0.07407781,1.618375962,967.2667076,861.6258851
0.065939723,1.628040012,-30.87023396,-27.82210993
0.088874526,1.633091782,-646.9086193,-562.9304414
0.021084613,1.640887061,1206.223884,1165.62444
0.082950783,1.64185244,446.6661473,391.8867932
0.047816256,1.658310675,159.5957282,147.7005837
0.076753933,1.659254328,377.2197717,333.6607038
0.054219597,1.67654087,-461.5102886,-422.4122325
0.078049111,1.678297048,494.4567502,435.8641355
0.050837478,1.678375007,-597.9305782,-550.1815588
0.021160399,1.686077227,668.3079572,645.1244565
0.053082763,1.691881265,-301.759224,-276.4755078
0.059842087,1.695728758,-555.9887041,-503.8065441
0.047397,1.703317976,90.09571027,83.26224778
0.038351499,1.710647158,-31.07818029,-29.14043901
0.072309266,1.713113645,413.7967648,367.1515653
0.041074926,1.721443596,1034.614348,965.3487597
0.071036432,1.72255649,242.1635131,215.1638043
0.077159293,1.729533851,-108.0687452,-95.03221965
0.034290516,1.731385075,656.30621,619.0912044
0.023185446,1.74942387,433.5726635,416.5311715
0.034842433,1.758367349,-122.1227221,-114.985246
0.073331043,1.761115396,-314.2475245,-277.4254441
0.046644471,1.762580274,1006.762979,929.0296752
0.004498167,1.763114853,119.5134064,118.5714285
0.073216737,1.763140607,937.5723761,827.7487562
0.028790115,1.76327201,-364.6535282,-346.8525955
0.049126907,1.773371061,61.77303476,56.73657561
0.075488768,1.776143961,878.5561952,772.0278263
0.054789732,1.793697468,428.1660616,389.0985707
0.031462561,1.795006281,-368.2677995,-348.3490943
0.030596697,1.801347608,154.7425912,146.565746
0.062628353,1.802758207,11.42946717,10.24393232
0.026127873,1.810130438,784.9288611,749.1247564
0.083579934,1.816013297,-103.2975502,-89.28573254
0.044501774,1.822171174,-708.4429135,-654.4087453
0.028251183,1.822433768,-664.1153812,-631.238553
0.030474814,1.82330425,431.2852477,408.3132657
0.044161065,1.824811256,-265.4044485,-245.2793923
0.08345362,1.829062462,605.483626,522.9162572
0.061893414,1.833371636,-309.6297922,-277.349067
0.085046364,1.83933114,-102.5719095,-88.27287791
0.065600085,1.846059579,437.865763,389.403962
0.073092873,1.84624675,-223.2699658,-196.0046032
0.037501101,1.854362497,102.9993987,96.20244096
0.020582114,1.854824456,133.8611239,128.8970765
0.050310184,1.868694989,153.2218503,139.7927519
0.067258211,1.872494973,708.1327652,626.8738934
0.084315093,1.873400864,380.8861582,327.2915861
0.082904314,1.875792279,-397.7477916,-342.5499944
0.011722841,1.882820614,243.2247943,237.9456911
0.093320558,1.886493549,104.6185098,88.41207713
0.073205959,1.891025073,-974.0732465,-852.2542005
0.029350848,1.892051759,221.8670577,210.0497507
0.047128323,1.897841415,189.0533255,173.2318207
0.059974549,1.900758716,167.2364623,149.7098752
0.034328107,1.901438252,-602.2142818,-564.7797912
0.045249926,1.911903089,842.5296365,774.1731965
0.004042198,1.923226938,-223.8154407,-222.0857111
0.052719338,1.929944582,357.8168265,324.0400393
0.014155262,1.931552212,94.97713555,92.43320384
0.071388337,1.932303355,-435.0458016,-380.7750277
0.044985392,1.938451381,197.2366182,181.1103695
0.090999634,1.9458425,-99.91566833,-84.33985958
0.014824732,1.951671253,634.243418,616.2866417
0.051557781,1.954820262,238.2778228,215.9751362
0.026288644,1.965037499,103.3952566,98.25520792
0.066987972,1.968417754,-82.466876,-72.58549389
0.056054725,1.978383065,-165.8402926,-148.8775574
0.040145076,1.983939559,-139.1027449,-128.6537356
0.055564554,1.994804221,279.549793,250.9640996
0.044278591,1.997511095,-400.2352698,-367.0535596
0.026230063,2.035711992,-73.18225724,-69.4248201
0.046758184,2.038458263,557.8669244,508.2467688
0.019239698,2.040681393,121.4789696,116.845434
0.015231634,2.04211893,-667.2744006,-646.9901431
0.029514348,2.043369946,719.0495549,677.5574856
0.089917405,2.043820486,953.2438976,799.4259706
0.072536644,2.050665577,411.5676086,356.5135665
0.039501313,2.052676033,-145.4804441,-134.3594622
0.058059551,2.052996994,1041.392827,927.4604445
0.024222511,2.056034553,616.1431905,586.5574814
0.100186218,2.060522316,-901.200873,-740.2519712
0.019790937,2.065426889,580.0735453,557.0624762
0.068043936,2.0695168,-393.4261728,-343.318801
0.063621125,2.077916854,568.1435427,499.8008735
0.061227972,2.08664539,329.3469185,290.9377149
0.040024669,2.096194365,345.8061606,318.4974375
0.010812133,2.104186982,439.7799587,429.9400893
0.053461651,2.112289593,-345.285128,-309.3147027
0.060010541,2.115249043,287.1992594,253.8902208
0.057834696,2.116129329,152.7375033,135.6046083
0.046265777,2.11949439,-227.3423054,-206.5613716
0.037843859,2.120316823,-314.3587337,-290.5497709
0.013625044,2.13361444,214.6482588,208.5390584
0.070196624,2.139379874,-273.7520158,-236.768293
0.048543993,2.142493892,305.8483244,276.3117284
0.034607155,2.15428056,-61.90242695,-57.52771873
0.083797573,2.177236677,99.19578781,83.2535544
0.074131371,2.186664093,469.3560109,401.4119353
0.038954474,2.194676397,-100.3611424,-92.28722996
0.043547162,2.206884526,303.8089119,276.532693
0.072917473,2.209326347,484.4752922,414.706327
0.063393059,2.209602614,226.9843478,198.158713
0.043570729,2.216302594,1010.608488,919.4599791
0.073603928,2.217951653,545.5095526,466.0061584
0.012223334,2.228450544,-634.4677517,-617.5206424
0.082683003,2.232580452,374.7620881,313.8547312
0.020131669,2.237888675,42.85489745,40.9853625
0.08869808,2.240039839,483.3965583,399.6035888
0.037246263,2.240824613,64.63310716,59.54791082
0.02772457,2.248988879,-665.0839662,-625.4114423
0.053928018,2.250661329,829.4779705,736.9960035
0.061019355,2.250912963,2.254988843,1.973528826
0.092177754,2.251156059,765.0334275,627.3012578
0.04694252,2.252435199,138.9404564,125.3007927
0.0736725,2.254612879,335.1273554,285.4998306
0.046082909,2.255190803,251.165251,226.899872
0.026107172,2.272919345,874.8223648,825.0489576
0.055538632,2.278012511,701.7211111,620.4262638
0.034698136,2.280996532,-353.5322251,-327.068775
0.033162003,2.284039913,456.4455571,423.6700218
0.061207038,2.289464314,-245.4219155,-214.2125364
0.072667963,2.295658086,506.4983571,431.1616305
0.07308295,2.301410032,570.8186485,485.2866917
0.064661721,2.310362111,-246.412359,-213.2032129
0.013156478,2.317987093,295.7921791,286.9647644
0.056174297,2.319354804,181.5010657,159.8924342
0.076728105,2.320230819,-78.33135842,-65.98454298
0.034457059,2.325186811,-899.6001213,-831.457912
0.018877188,2.334312025,-248.6040001,-237.9847928
0.062788257,2.342754474,415.5911909,360.3363696
0.049067383,2.343129027,166.7841101,149.0766614
0.044914983,2.351341736,21.46353361,19.35688069
0.048923077,2.352966773,379.9876007,339.5942511
0.031390063,2.359407536,-144.2985106,-134.1503022
0.035202759,2.361421818,376.7000679,347.1477394
0.07545651,2.362338045,84.61070285,71.25121996
0.113821124,2.368500942,0.158188315,0.122543975
0.069905479,2.372626296,-114.8046917,-97.79889359
0.051867145,2.373457475,612.7971105,543.4923929
0.067477029,2.374156343,256.5875141,219.7393907
0.063669743,2.374865138,1185.237662,1023.629741
0.022699625,2.380786642,-322.6697772,-305.8793447
0.034626884,2.383430318,-533.0816561,-491.538657
0.074777608,2.38757487,-712.7269554,-599.9950384
0.035954107,2.387588472,-278.6999852,-256.1592868
0.047927924,2.387869158,130.4911814,116.6896691
0.079352506,2.388784757,148.7617046,123.9570268
0.057074725,2.389279823,271.2603596,237.5697265
0.080119308,2.394827503,59.56873915,49.52898064
0.081910256,2.39624481,-150.7604844,-124.8409166
0.090560799,2.39670764,627.9715078,510.1573848
0.023302169,2.397468619,403.8284208,382.1315159
0.050692046,2.408025567,-65.77841672,-58.39423806
0.057898892,2.40860678,414.55935,362.0014747
0.047621822,2.434154265,470.8886583,420.4721859
0.090152757,2.439783827,447.884737,362.831692
0.018542224,2.444441179,538.6600193,515.0038246
0.033528355,2.461707636,-89.65823968,-82.66709108
0.014245612,2.468062224,1056.740893,1020.48557
0.078324077,2.471478213,-670.4518164,-556.4528669
0.068984118,2.478712452,-519.1305345,-440.0126562
0.083077867,2.485526167,-266.9963095,-218.9564355
0.048196323,2.486726598,765.4851693,680.9285512
0.021253951,2.491179444,-961.6167581,-912.5322333
0.039601539,2.494426122,194.7611609,176.7783534
0.042600708,2.495027091,-420.2047318,-378.6657272
0.091107147,2.495755544,-303.7852627,-244.3762109
0.042777678,2.498384304,-885.322519,-797.3547558
0.048247913,2.500757403,-227.8823324,-202.5513489
0.041128219,2.503196948,162.2695234,146.6967377
0.06266863,2.512748215,291.5907045,250.289424
0.069921681,2.514341785,59.23229416,49.97555472
0.041696165,2.515530365,132.2520532,119.3367579
0.079605174,2.519338528,779.5771555,642.7667685
0.043376438,2.519827322,-50.43405035,-45.31642584
0.033969415,2.523043568,412.0517062,378.746106
0.052219999,2.523832889,-421.9454904,-371.0762058
0.065954632,2.531897594,59.69216979,50.77918944
0.084172366,2.532504872,513.8912048,418.7786036
0.061463981,2.535054552,-122.3182665,-105.1526123
0.035155156,2.536350862,357.7182106,327.7041678
0.069468295,2.537471216,-288.4447838,-243.2483749
0.03481896,2.546390084,424.4258785,389.0015694
0.043168415,2.559566503,1818.405081,1631.966558
0.105029667,2.563529642,-481.4440305,-372.6966001
0.054569167,2.566070123,698.7753445,609.7128204
0.026235267,2.566287699,583.1155948,545.6218882
0.069914321,2.566323078,563.7202341,473.9631816
0.059627961,2.589435158,-31.58460563,-27.18581362
0.030668432,2.610552623,348.607355,322.1727266
0.05754745,2.615619641,95.6459556,82.62422765
0.061112646,2.615765889,192.3031128,164.6646165
0.121214802,2.61766188,-497.063299,-368.4199687
0.053678925,2.625578491,714.0338916,622.4384581
0.081731944,2.627332853,413.4659688,336.3535995
0.041221763,2.627722103,-220.9201395,-198.6719515
0.078780042,2.639653741,-482.056628,-394.6086468
0.0743649,2.670940554,698.6766691,576.8615668
0.033583638,2.675264019,261.5801679,239.4564161
0.059672928,2.688955392,29.51026112,25.25149522
0.071021785,2.700444042,92.04447916,76.47669138
0.037496761,2.702630381,173.0806522,156.6903489
0.092513979,2.70400821,-399.0910966,-314.1702872
0.027524842,2.70722417,244.9453679,227.5855839
0.039053671,2.708856609,-2.705432148,-2.438746959
0.066041712,2.717253476,-393.5506375,-330.7737856
0.025164117,2.718680777,-416.9543088,-389.7127963
0.038455101,2.72526139,-234.6581992,-211.7263457
0.015323664,2.754684103,-38.46850974,-36.89028652
0.022652036,2.755460742,-375.801447,-353.3081344
0.028465224,2.761311937,142.8620479,132.2079443
0.075902957,2.761945536,-722.7498207,-590.5170177
0.030803891,2.763713976,366.3514072,336.8860535
0.053868286,2.790900263,422.8147212,365.220974
0.048786745,2.792618191,325.8075856,285.2264314
0.062066513,2.80234187,248.1569609,209.6237154
0.113574284,2.821274537,13.3290933,9.839951051
0.053967008,2.826828664,-606.7936214,-523.0135523
0.018023112,2.829325409,-361.8115875,-343.9803152
0.037120294,2.830565394,109.9332354,99.157054
0.08639444,2.831332051,3.258390421,2.576976518
0.053125168,2.836648889,-975.8356523,-842.5755204
0.049442883,2.839446725,-54.15340793,-47.21873819
0.035934259,2.83998923,-676.4821226,-611.9459333
0.03061416,2.842619826,16.91734754,15.52762463
0.0244258,2.848618011,306.0185856,285.6885537
0.029706298,2.850996631,83.47150463,76.78784336
0.06471379,2.85678226,800.2891721,669.0345338
0.040235873,2.857228501,558.7065964,499.1536558
0.07089333,2.861398143,470.3878884,386.6699042
0.081553661,2.866627512,-212.611478,-169.8179397
0.064137335,2.871761713,-12.31841093,-10.30442546
0.080939509,2.892902104,660.9679981,527.7112073
0.073384926,2.897723503,-442.5585588,-360.4539854
0.047879896,2.901126233,384.4860805,335.702343
0.071228142,2.907881699,-121.0619821,-99.10932924
0.059344017,2.912171623,-187.5652777,-158.577056
0.045709559,2.913895233,307.1723855,269.662355
0.028951879,2.918826033,-511.6773659,-470.7790945
0.034580014,2.919572709,-462.0418439,-418.3853701
0.067659129,2.935367394,-112.9912908,-93.23624854
0.070061618,2.936122569,826.8719895,677.7826983
0.097343576,2.937365647,76.88454655,58.52454087
0.098342777,2.942360841,638.8219985,484.7460356
0.061547061,2.942562243,147.4104011,123.651749
0.018222822,2.943989751,369.1506352,350.0373743
0.070686524,2.944599447,759.9396394,621.4917932
0.056597673,2.946903608,-414.8011117,-352.6797127
0.08282451,2.948343949,-586.9736494,-464.2260496
0.009071765,2.950035868,880.2890671,857.1466017
0.040778263,2.950244946,-8.485119407,-7.541313185
0.078449649,2.950671971,-393.7645165,-315.1047217
0.042688903,2.982464497,1085.808947,958.5339817
0.029669499,2.986483856,-360.5692931,-330.4203749
0.020785518,2.987100283,-629.4750392,-591.9571436
0.022210213,2.989348965,508.8316247,476.4913944
0.058443332,2.989904183,335.5211611,283.1171138
0.06106847,3.006623176,-711.0858537,-595.005948
0.051698685,3.013261502,-316.224044,-271.6630568
0.09113834,3.018033195,900.7700555,692.2953244
0.090009521,3.019991806,-303.2113759,-233.7256186
0.019634081,3.02244586,759.523507,716.1741643
0.050361598,3.028952518,89.7391685,77.32994887
0.040200418,3.029447685,-47.73876089,-42.36585874
0.069298881,3.033360385,689.8520624,562.973396
0.040816369,3.038390368,-418.9468506,-370.9963097
0.089736082,3.048291628,-505.5677333,-389.0568337
0.015039016,3.055022063,548.0574548,523.6259824
0.028012947,3.058299895,232.6884382,213.8353668
0.060359924,3.060062536,37.50984674,31.35137433
0.041429052,3.063539394,463.3361832,409.1541598
0.107498307,3.091854167,170.8782772,124.619082
0.008668989,3.103071655,942.4593097,917.5510153
0.063146256,3.104625043,840.2217728,694.7564592
0.104495453,3.110699887,178.1676604,130.7852716
0.087005931,3.111794729,847.2651489,653.5413411
0.047202955,3.118838,861.9282195,746.4454849
0.074862827,3.127838806,-128.7026703,-102.6881409
0.055157904,3.128866931,199.183189,168.3819221
0.041331058,3.139522529,672.2062828,591.9459673
0.048232778,3.148424769,148.3926564,127.9389454
0.075629146,3.149961447,-1021.304025,-811.7442005
0.079796647,3.15482183,255.8492418,200.8149982
0.090879808,3.160731311,-275.6434911,-209.3847755
0.022798093,3.166368594,-311.9187096,-290.4309951
0.08687203,3.168792242,48.32131099,37.11050249
0.070847247,3.174840412,116.785812,93.97448157
0.144573765,3.176643461,1139.261901,741.8791593
0.017841317,3.180881415,858.5157492,811.5566775
0.073963705,3.187423366,217.3132984,173.1048814
0.068848521,3.191943102,-38.83582728,-31.40030178
0.010139915,3.19284963,72.86006731,70.55048351
0.049337335,3.193986559,-228.3304343,-195.7767765
0.073392422,3.194345669,-995.8642817,-794.2309292
0.063627396,3.197209285,289.0216732,237.2896116
0.068873656,3.212263693,-52.03446197,-42.01186196
0.065116546,3.214425985,-246.8565369,-201.5480409
0.056321551,3.224598027,493.9119465,413.9201264
0.068206436,3.228388881,312.610428,252.6349101
0.035928944,3.228571588,944.9133831,843.1369112
0.072238832,3.229524557,-48.16575001,-38.45130483
0.073528065,3.234104467,462.294637,367.506557
0.046253455,3.239220321,-824.8908209,-712.5054802
0.065839128,3.245255676,-3.557371631,-2.892429098
0.030768411,3.259332446,786.8820612,712.8747665
0.079214302,3.267340962,1263.458837,984.8883006
0.039752818,3.267808706,1125.96788,991.29212
0.074171329,3.26787439,757.9736183,599.9424751
0.097901275,3.268126333,-230.1439126,-169.6030028
0.076503207,3.269234441,988.6906647,776.9531307
0.10494064,3.274376641,798.6686774,576.0479236
0.058978072,3.278056596,1514.234066,1254.908683
0.025760423,3.282011217,-127.2144186,-117.0262915
0.066019064,3.289523609,554.5466423,449.3704927
0.063505587,3.29772713,64.66586867,52.78306826
0.074824051,3.299899308,-195.7729899,-154.2917087
0.055878503,3.305574398,54.12097673,45.21764752
0.053490842,3.312291833,-744.0793738,-626.1228733
0.052475001,3.316246227,-169.4839377,-143.0437161
0.082660863,3.317227584,-31.20355112,-23.97644305
0.001589384,3.317305152,-209.5902407,-208.4889629
0.058084911,3.321601588,-134.9643507,-111.884949
0.074287916,3.322941044,-204.9428605,-161.5178679
0.083922507,3.325784106,751.9963497,575.2003765
0.055762867,3.337197671,-387.3583374,-323.1969314
0.025634734,3.340212116,-352.3199141,-323.7570057
0.044929511,3.341937855,-478.0933933,-412.7862208
0.05756007,3.343294966,-742.5259629,-615.8184688
0.053601373,3.343672107,-150.9678748,-126.7833829
0.086261975,3.346518793,351.8574794,266.7540667
0.041152495,3.346705935,1155.372006,1009.500368
0.034029281,3.348312976,831.0950251,743.0023655
0.023389394,3.352493863,-1187.798839,-1099.21033
0.071716208,3.353651144,-608.8386309,-482.6419308
0.064999037,3.35574538,-263.8309429,-213.5741703
0.050220724,3.358917156,219.5792171,186.2565324
0.058728567,3.359274959,1035.024114,854.4606663
0.072537646,3.378002288,218.8485219,172.7467843
0.045076254,3.380730284,-814.9650609,-702.109475
0.053851198,3.384354978,258.6237424,216.5584711
0.073967584,3.384792171,757.5239706,594.9736063
0.008149138,3.393126771,73.7449307,71.74177805
0.039202223,3.398116476,517.6672846,454.2573329
0.081058056,3.414111077,383.4826768,293.8877235
0.120968813,3.415577096,141.7726564,95.98468653
0.001243698,3.423658133,-409.3824776,-407.6441127
0.052419208,3.425252264,70.26022803,58.98036204
0.045482134,3.434124167,313.5245853,269.1137854
0.023382887,3.441708784,-175.5339087,-162.1110551
0.029831074,3.443338964,-329.6395041,-297.907622
0.062932519,3.458121577,-428.3371643,-346.8373383
0.004668884,3.463334418,912.6792264,898.0737596
0.039675695,3.470356093,285.8553857,249.7495292
0.049935433,3.501964472,-776.5904828,-654.7589099
0.074069615,3.503999958,28.71834826,22.35742705
0.01219568,3.512732061,196.5637943,188.3696021
0.020858394,3.519007393,-611.7682815,-568.9017656
0.084569337,3.52344473,-392.8658528,-295.1325146
0.075503282,3.545271777,807.7055874,623.9946657
0.042244413,3.545822074,119.638005,103.3123509
0.080973758,3.547410699,144.1843013,109.3860019
0.065571211,3.558000629,724.1129204,577.6540486
0.085423183,3.561873364,679.2449038,507.2556894
0.020567136,3.578792229,585.691344,544.5360416
0.07647685,3.579696313,-182.8140897,-140.4244001
0.061450374,3.582012429,459.0442948,370.750347
0.047862799,3.589133706,-177.6146076,-150.1769895
0.098082946,3.592203063,-32.13521437,-22.96209465
0.024802783,3.596653632,268.6280651,245.9698773
0.044281518,3.605356369,592.339311,506.6714472
0.039892235,3.614084338,-148.1024852,-128.5775275
0.073220974,3.618702393,1250.302109,968.1888081
0.077490915,3.624188258,-50.30831217,-38.38545538
0.043661784,3.627396356,488.4829089,418.3364351
0.053209488,3.63800985,-10.62071114,-8.795178717
0.044321279,3.640535117,678.3657084,579.2920721
0.085512604,3.642445614,354.0059845,262.5503042
0.04423385,3.661081395,-267.2318734,-228.0699672
0.04842443,3.668652872,212.6378514,178.7709578
0.077228836,3.672305916,295.523873,224.8784398
0.022613118,3.688048205,50.55953309,46.5572256
0.084916525,3.697247445,54.43494053,40.27251796
0.056340415,3.698522259,-189.1836292,-154.4700594
0.001105384,3.699473964,840.9813733,837.5512297
0.039935554,3.704702418,160.1953975,138.5626833
0.005223802,3.715075446,-348.9450295,-342.2556922
0.020965344,3.715181681,-631.2970819,-584.4619973
0.072598609,3.718523604,905.160718,697.4998879
0.040772445,3.723039356,619.9555985,534.2497335
0.057224508,3.728226815,605.0767544,491.710614
0.009347909,3.732645784,427.3031147,412.7174736
0.07005151,3.734652706,-591.8310929,-459.6015603
0.042837687,3.755592866,-45.26299749,-38.66595458
0.084210468,3.767344325,36.94210366,27.24185115
0.066684324,3.784103325,-758.041165,-593.7477811
0.076383618,3.792234588,-203.4427029,-153.8917905
0.03420667,3.793004125,-973.8346993,-857.1948732
0.006006139,3.793153209,-771.6901306,-754.3594835
0.086994185,3.79990346,-13.54948822,-9.86876823
0.057351133,3.801188431,864.9485999,699.7266641
0.078380772,3.804389106,546.5261711,410.1408321
0.045410691,3.809282647,-343.8806564,-290.3610458
0.062205708,3.829521344,-6.859329916,-5.443963189
0.03312659,3.834021839,507.1542843,447.5845833
0.036271907,3.834392653,265.4245645,231.5308029
0.052105268,3.854795221,291.4846761,239.6525466
0.061800759,3.855784275,-257.4464016,-204.3010106
0.082892906,3.857639851,-340.2043773,-250.2196781
0.088161893,3.860820576,557.9411777,402.6441052
0.039907815,3.863578165,-723.5468146,-622.0219849
0.01679195,3.870125902,-507.0127958,-475.3678281
0.079828349,3.87747611,755.9799418,561.2781331
0.049951619,3.896339004,-94.39049345,-78.0630535
0.035549653,3.901103681,598.9540185,522.6489974
0.026447576,3.923668237,-166.2125234,-150.031346
0.008227945,3.923922934,77.39760074,74.94856345
0.060567413,3.927846492,57.00512511,45.2484247
0.025572241,3.928107696,-229.9691742,-208.2538247
0.048687302,3.929548318,-91.85149813,-76.20031265
0.093133233,3.93456078,128.6926246,90.65505063
0.153536304,3.943987133,60.62080141,34.5120815
0.080017439,3.950766289,1050.879942,775.3110088
0.078975627,3.951568508,581.2376892,430.4334687
0.063089073,3.958447351,216.7114237,170.1011411
0.059506638,3.963799055,696.0359283,553.5102991
0.095076117,3.981879282,-284.6871237,-198.2920738
0.081469489,3.98371749,-57.3587083,-41.98518918
0.067723652,3.991838099,282.4631644,217.4496164
0.039623389,3.994199993,53.80279541,46.06791493
0.01319716,4.010682071,-439.4924205,-416.9795066
0.041158632,4.010952192,136.3976012,116.0238486
0.035316339,4.011534947,30.37976638,26.43128581
0.034127689,4.013576575,672.5597038,587.8091048
0.051589669,4.022490591,-69.39343176,-56.68155893
0.096892346,4.026221692,64.38926851,44.37151922
0.065480488,4.027997763,522.4465466,404.6584803
0.050372345,4.028668546,937.782538,769.3379323
0.055178271,4.032683479,292.2250329,235.316126
0.063569936,4.040142374,49.50023913,38.58945392
0.017362232,4.040385192,-17.83128513,-16.63329523
0.058106843,4.049262492,10.3394281,8.225646462
0.017959181,4.05327713,118.9245195,110.6466064
0.048472345,4.055337355,1063.283918,877.5740202
0.063407063,4.071276754,-486.7409476,-378.9628736
0.089387652,4.073280865,623.7345897,440.0938236
0.073167403,4.103751807,-17.64268899,-13.20423006
0.046624737,4.107385398,-729.5400293,-605.0062794
0.048084047,4.110471827,472.453736,389.5127248
0.036512475,4.113162595,907.8385009,783.335862
0.023712433,4.122977741,970.9002309,881.4770889
0.081900265,4.124370767,810.8047566,586.0241157
0.077730246,4.126122068,37.57500531,27.59043371
0.024893113,4.149535137,470.2304102,424.6191634
0.035444063,4.151134062,-464.2176715,-401.7250823
0.074126035,4.156133777,-35.09744427,-26.07388514
0.055102737,4.159393007,212.9548713,170.3709558
0.040746635,4.16081665,860.5589875,728.8047851
0.072913335,4.167625109,1186.336483,884.7608812
0.036125252,4.173965581,-64.96006704,-56.0165334
0.057552283,4.180615345,7.684467552,6.081589563
0.044718035,4.208939427,851.535204,708.3315407
0.037786311,4.212298689,554.2614244,474.092635
0.079931009,4.218518962,902.8327951,652.7180419
0.00046448,4.221528096,310.767204,310.1585857
0.051715052,4.225549527,219.8212078,177.6389215
0.048451401,4.237901714,-162.7017241,-133.1405851
0.051175424,4.251458626,-262.1384012,-212.0212723
0.031999228,4.254026648,133.945485,117.1482118
0.019059029,4.262986568,1108.620784,1022.890945
0.052073942,4.276111928,692.8497504,557.6565051
0.089254697,4.311050389,-175.6535266,-121.5038336
0.053706085,4.313861733,-93.70072604,-74.77117856
0.026192365,4.318231751,476.2634232,425.950134
0.037657819,4.321137979,-47.16998028,-40.20623827
0.025081287,4.329194365,784.4373535,704.666247
0.009041833,4.333372224,-139.792516,-134.4448048
0.048186769,4.336209047,-9.350351968,-7.624328473
0.049999032,4.339325482,-384.9913786,-311.5340172
0.07877763,4.346168872,-162.3991903,-116.8035713
0.055365015,4.358829397,-948.7171811,-750.1159812
0.038232008,4.359257887,373.4289609,317.0855448
0.042907893,4.363168454,7.438033648,6.192242645
0.057010745,4.365491689,230.9468196,181.2982269
0.011889046,4.390354007,45.01811895,42.74173233
0.047698485,4.394871673,-572.9253454,-466.8335104
0.043290884,4.416523084,-348.6985617,-289.1759871
0.043796293,4.435277481,330.2648995,273.0840923
0.051659698,4.452868672,902.1705503,720.9101085
0.095384162,4.466912711,-238.4273208,-158.7143185
0.006495366,4.481479824,-367.5479329,-357.036857
0.016923843,4.505873487,-492.9852217,-457.0809875
0.073059565,4.52104261,1148.486112,834.9762193
0.037946823,4.527287033,1005.1257,849.1629536
0.017050692,4.536956123,-215.2422576,-199.3491949
0.094136822,4.554118661,-145.9504038,-96.88765454
0.0391862,4.560933622,-185.6081788,-155.7613681
0.023837486,4.56495687,1964.086626,1763.828859
0.079963527,4.56628972,-436.5116535,-307.2134783
0.053404232,4.569208253,-434.9511877,-342.9248774
0.045417257,4.569314385,411.6885528,336.0688418
0.018393883,4.571563008,-468.7877305,-431.3092174
0.055109607,4.590567746,-658.5580226,-514.8075854
0.036030989,4.593011113,-257.7207287,-219.0494451
0.075842219,4.59638347,260.993491,186.5095242
0.028004374,4.605002542,222.2198392,195.6798002
0.07337376,4.605350311,-170.4214056,-123.0000063
0.108831563,4.607140677,507.6745438,315.4157316
0.068525947,4.621484226,662.5471948,487.7385257
0.09509825,4.623757776,-296.6596866,-194.911303
0.051241978,4.629701294,884.4837218,701.7991693
0.046004891,4.636962468,791.2567055,642.3035163
0.072274794,4.647510296,552.1831343,399.241096
0.02864926,4.65193062,221.0431863,193.82528
0.042243995,4.687222625,504.6752966,415.7052039
0.063245354,4.694258302,-384.7861031,-288.5325936
0.09428699,4.694948778,-272.6012219,-178.5700619
0.038217754,4.716833515,776.1726801,650.3219909
0.038998568,4.718674773,359.5313263,300.1485127
0.053215988,4.726196743,616.7901552,482.7425359
0.066807013,4.727839736,-113.3594496,-83.49726955
0.04701742,4.742551367,191.0327116,153.6297447
0.019362273,4.752506566,-520.9454169,-475.5658975
0.069915495,4.763603555,350.803985,254.2466531
0.015633298,4.766019102,-473.458862,-439.7176597
0.077419018,4.768531268,63.56236104,44.54232337
0.040148376,4.777430728,421.9369198,349.6036342
0.068433704,4.790219454,325.1382418,236.7886263
0.08967982,4.797985305,-124.2137597,-82.2640514
0.03058604,4.805949447,32.73801475,28.32500994
0.070019943,4.812697794,-650.5697889,-469.7206934
0.020685174,4.813163631,280.6068989,254.2732215
0.013757029,4.818540099,-26.20115663,-24.53171056
0.02237543,4.821591953,-419.8633297,-377.3727176
0.006397431,4.823901888,-321.0452555,-311.3195303
0.07607992,4.83965895,-514.7186882,-360.9551854
0.014586756,4.857510468,370.1754811,345.0307872
0.041192015,4.866273676,343.5222102,282.2571885
0.060883548,4.86648374,-526.0957241,-394.5965263
0.083440407,4.866658357,-233.7172958,-158.2365003
0.027517235,4.874563998,404.4335516,354.3075284
0.064052575,4.885998391,238.9973779,176.462138
0.05659937,4.88933841,511.4512694,390.7495443
0.021620626,4.894307402,-225.9619004,-203.5020571
0.041458292,4.894836165,698.0995,572.2202258
0.031465814,4.90684735,-137.2808213,-117.9204234
0.037484864,4.916129882,63.12825273,52.68115813
0.058515295,4.918240816,-277.1303211,-209.5161835
0.044921725,4.924733196,-519.5346591,-418.4389524
0.015072943,4.938059765,335.0249017,311.1668122
0.06221086,4.939904989,-308.4912816,-228.9624917
0.090986065,4.951625058,-7.24076327,-4.704547228
0.055143519,4.962177087,-133.2864527,-102.1198201
0.076551404,4.963943056,-168.8660518,-117.0910141
0.032573489,4.965481845,-68.91246723,-58.77240641
0.073207783,4.97206578,12.24114417,8.61509505
0.051841737,4.98425342,-194.3559576,-151.0746178
0.008221388,4.989291489,-712.9512846,-684.4132415
0.099051831,5.012227159,271.7749345,169.2844214
0.053238002,5.020929129,221.1459452,170.4413316
0.004156361,5.026679134,136.8810992,134.0567561
0.110577371,5.030203852,402.2945682,237.3691741
0.028772129,5.033410698,191.720789,166.2117279
0.075627774,5.04708298,152.1718804,105.3255237
0.067007417,5.057603539,341.5228632,246.014127
0.114545656,5.082723629,-200.1128863,-115.3160165
0.087394214,5.1110413,170.6669248,111.2176751
0.045972641,5.188994641,652.5291491,516.783995
0.020830803,5.206460858,-267.8469809,-240.5854299
0.052946861,5.210403254,1009.739624,771.725299
0.063087131,5.212295308,623.0617665,452.9459199
0.033478975,5.220101555,-791.4754908,-666.4712615
0.066264949,5.246687179,-359.4562705,-256.712152
0.071471235,5.248206895,613.2231384,426.8493074
0.054415777,5.26208001,-248.152916,-187.7711854
0.023061104,5.281192217,158.4929714,140.5134493
0.045450367,5.293642137,80.30830181,63.47095709
0.012293978,5.329157903,275.7170093,258.3351877
0.109199308,5.331786598,-467.6430265,-269.1119197
0.026754272,5.33404446,-196.9824058,-171.1057159
0.090769008,5.33639895,-656.534739,-412.9528722
0.062195949,5.34119333,-343.551939,-248.9019796
0.038952375,5.348474193,940.4485637,766.6086112
0.022650963,5.373195637,365.5635181,324.1122566
0.033613848,5.375678921,-464.698277,-389.0320195
0.065994957,5.383267039,484.8477373,343.7098583
0.056811572,5.38362445,10.57162726,7.851416044
0.100137764,5.408751142,-685.9921784,-409.3947424
0.035524365,5.438117567,180.9346009,149.6504452
0.045418822,5.444280088,-256.8161778,-201.6510556
0.022332601,5.460406921,516.5190867,457.835014
0.087713368,5.485391241,561.6937318,354.1632108
0.104363475,5.511712531,950.9466797,550.2182914
0.060414762,5.532663646,-45.57775354,-32.94610498
0.090160197,5.5334859,-973.9052347,-604.0383822
0.047589562,5.540511962,610.6274013,471.9618689
0.019651515,5.545648773,388.3856872,348.652413
0.016459563,5.550831462,63.5959588,58.08627612
0.04912163,5.573815546,737.0495511,564.179485
0.048460981,5.583944997,169.9620021,130.4935594
0.084208137,5.597872441,976.4148296,620.9807854
0.070225945,5.620760732,-187.6890032,-128.1634629
0.08668156,5.623478385,-677.8118738,-424.7062796
0.076604794,5.630987135,250.0505304,165.0133628
0.053087859,5.644671946,-41.00300174,-30.62036209
0.034094941,5.654087193,246.2141698,203.698202
0.050742531,5.659199832,219.1575625,165.6168566
0.086096491,5.664265226,1636.578619,1025.105781
0.059639612,5.675011639,-227.8258284,-163.9947575
0.031873891,5.685767822,-123.7540454,-103.5336645
0.010850311,5.690587494,231.5110725,217.7212621
0.060178744,5.702115785,282.7182242,202.5999252
0.075502352,5.710336408,488.0560038,322.0758295
0.053565224,5.71081154,-603.0127947,-447.6219647
0.076381589,5.731902425,311.2685766,204.1304493
0.017498675,5.738482958,-1017.29178,-920.900381
0.012686082,5.74271677,-635.7440376,-591.3462314
0.058119262,5.752498038,-915.2407908,-661.3022665
0.047776099,5.773373975,316.3110953,241.599965
0.083363177,5.777141187,192.6842359,121.3253276
0.053086645,5.819865034,279.4379503,206.7984731
0.032658109,5.825150286,785.1989316,651.1493978
0.071224274,5.83548718,-463.3295965,-310.1153917
0.05354688,5.84102738,97.00854277,71.52998471
0.087312727,5.847279805,-83.82509424,-51.38061331
0.063432862,5.856758154,438.7156822,306.0192176
0.024554556,5.867028054,-303.8374641,-263.5309701
0.036429688,5.871798524,-274.9174171,-222.8206408
0.042953024,5.880102725,785.5410006,613.4374217
0.018965687,5.887065781,371.6867991,332.7677818
0.071010925,5.893440139,550.6218206,367.50635
0.030620341,5.894062498,-267.8379063,-224.2164271
0.033449489,5.901039522,-385.9514897,-317.8419845
0.015533936,5.902355668,629.2114386,574.4915429
0.028323038,5.906709437,-839.0399376,-711.4375972
0.042207604,5.932213219,952.2607882,745.156572
0.044714187,5.937494516,-216.1245994,-166.6889054
0.092967239,5.986299764,921.2868428,541.1042291
0.062250337,5.997644032,299.5691202,208.543937
0.072415221,6.034878979,712.0598306,466.9599573
0.07562138,6.045514432,47.93255958,30.84843268
0.047266465,6.067932281,115.0530369,86.93454246
0.041649781,6.080801925,88.77817657,69.26979625
0.029148087,6.084437241,540.6784008,453.9606361
0.031483398,6.095441194,755.67666,625.5725767
0.052701403,6.096744024,119.674872,87.50117138
0.024788768,6.098575744,-167.8173314,-144.5381128
0.083082776,6.106032047,-748.4051983,-459.7181536
0.051442273,6.106341148,-441.0625726,-324.6914972
0.046508767,6.13676408,96.64669465,73.11890244
0.040426439,6.149629415,1230.337275,964.2298578
0.041975976,6.159825348,847.3782868,657.7744213
0.031906807,6.171425065,499.0965946,411.1529628
0.033299097,6.176273277,-129.783494,-106.0121127
0.037610891,6.178945146,298.9586449,237.976837
0.100259165,6.181210468,891.0986101,493.6696962
0.059481231,6.200037932,-746.6898952,-521.8684754
0.00940346,6.202593486,1186.296234,1119.3887
0.086845502,6.203942775,986.7756453,588.6205002
0.004796167,6.21327786,16.28179125,15.80487914
0.055003023,6.220653892,-127.5182743,-91.39431491
0.060994139,6.224546335,-47.42259449,-32.80451688
0.043643596,6.254043105,308.1022713,235.8677498
0.033607534,6.289340305,-426.8716656,-346.7445609
0.03561933,6.294810084,184.0328326,147.6431374
0.061507893,6.301804183,359.2537126,246.6256023
0.047608456,6.391990122,298.9223132,222.0478415
0.01726512,6.393278514,-248.4088013,-222.6580315
0.080686725,6.395826963,-468.8928216,-285.4535096
0.049589248,6.39652139,-271.5708364,-199.2655671
0.103873384,6.403485622,-789.7266387,-419.4149534
0.0942252,6.411697024,177.8832419,99.86070915
0.084601261,6.418996468,824.4251731,489.4998514
0.038874134,6.427021833,387.1616476,302.9995576
0.092398505,6.47347477,989.4397439,558.3805579
0.057257475,6.491205775,428.1129208,298.26069
0.057330608,6.496984382,2.003521482,1.39475133
0.027916037,6.498623763,90.40162574,75.5906406
0.047633272,6.513057679,89.72498577,66.26575858
0.064380591,6.529996189,600.3991901,399.4819307
0.004823838,6.547125604,242.2408094,234.7276644
0.036393739,6.582022453,94.76024299,74.89308338
0.077574688,6.582088976,-38.2254164,-23.37656388
0.014724964,6.596419453,341.1324682,309.7752451
0.023395132,6.596979875,-67.00123422,-57.52108192
0.026907055,6.61285512,31.4127237,26.35432233
0.04659438,6.684635812,-543.1159734,-400.57255
0.062883519,6.690119248,-932.2325,-619.9146934
0.027807015,6.739058887,21.08966324,17.53060172
0.01329685,6.750054997,-530.5971651,-485.3353609
0.032834046,6.752408661,-906.6453795,-728.9495557
0.061117549,6.760583442,572.3691301,383.2656799
0.065698486,6.806539985,511.1931132,331.5054661
0.140250649,6.835324745,162.0868135,66.08941853
0.085179666,6.838691224,-290.4516595,-166.0691864
0.00918077,6.841148228,402.8561092,378.4405515
0.072874101,6.851725263,612.9477593,378.5399671
0.018465497,6.887244521,654.010914,576.5762416
0.044011869,6.90102552,-278.1494667,-206.6291265
0.089195298,6.920375242,282.3117366,156.2943089
0.030131997,6.95019643,252.7512094,205.6294025
0.078940723,6.964686173,-432.9782332,-255.0634554
0.009429484,7.026032406,-110.5314695,-103.4779784
0.06723714,7.069823156,194.7239079,122.9191354
0.041605338,7.093626849,-176.9165839,-132.4916999
0.091382496,7.110717408,-258.4316219,-138.7720654
0.078805221,7.144620445,941.2600664,547.4495721
0.031316137,7.15076595,953.619351,764.9152733
0.071467717,7.15981455,-89.01279792,-54.3009873
0.000975515,7.184645627,380.1428842,377.4891706
0.084928857,7.208309168,1007.526414,559.8519661
0.074048017,7.293514518,-243.3225929,-144.5142414
0.076929681,7.297765181,-339.7896566,-197.8401612
0.048255231,7.335711207,745.3421702,527.4914358
0.009417631,7.336717523,-128.8589232,-120.2949943
0.049834538,7.354716302,-343.7474573,-240.3818035
0.034259418,7.3692593,179.4218452,139.9802795
0.074884476,7.401936464,827.0368899,484.6038929
0.099215015,7.412508247,-240.2720658,-119.1729758
0.09057118,7.425056782,-33.8670505,-17.79074625
0.038085088,7.443119409,432.2287166,327.2576556
0.07694472,7.499344643,629.4437364,361.0168135
0.099648784,7.528716448,882.2110275,431.5020137
0.103299719,7.53914058,711.7654446,339.206795
0.06436725,7.562526681,411.14885,256.5186027
0.022854252,7.566429488,419.5528736,353.6157636
0.033942369,7.579417396,-108.4929438,-84.24182001
0.019240003,7.600333088,-44.6973479,-38.6703319
0.020767385,7.605424343,-142.4911334,-121.8697307
0.016208961,7.609982222,-424.6970151,-375.7842276
0.035356648,7.66012642,-445.436991,-341.3462624
0.043034892,7.664316274,588.430116,426.036511
0.046266931,7.692220063,98.03511063,69.22886615
0.050829104,7.71290625,135.5440197,92.47095634
0.072039732,7.715911876,270.0372792,157.8771301
0.041282157,7.738863145,189.2478392,138.3793477
0.008197039,7.766306294,-337.752394,-317.0031932
0.055368949,7.860462922,-499.1946759,-326.8144234
0.053268374,7.902515749,492.3923509,326.7353687
0.05060895,7.91513692,-448.0980231,-303.1543573
0.077670561,7.929843868,-169.3006089,-93.55122068
0.009026755,7.992315686,-404.5701988,-376.5324617
0.098150884,8.003186804,-15.80433292,-7.470513674
0.083942875,8.068527212,477.2200255,249.0397145
0.01703727,8.11924198,694.3236488,605.3299338
0.021569932,8.170608868,445.5511035,374.2583427
0.040512929,8.286731903,216.4232709,155.7323035
0.028395006,8.294010569,775.6427396,614.9034124
0.076784885,8.35177031,64.24793362,34.63582594
0.055316553,8.369378893,-61.46498908,-39.1677579
0.026049258,8.395222742,317.3864151,255.7577001
0.036909617,8.403330434,697.8752959,514.6379663
0.014627482,8.524544052,447.9126107,395.7602928
0.04735045,8.604164644,397.8305211,267.1917342
0.037891714,8.64033958,233.0490129,169.0005498
0.018934716,8.873119679,198.7010224,168.2350499
0.045193311,8.911295895,1322.565821,891.9705591
0.065030442,8.919515442,223.6052132,127.4752736
0.029596938,9.116316991,-107.2828654,-82.23406699
0.035740261,9.17586427,576.2313546,417.500578
0.058629797,9.196033309,37.54344266,22.23240258
0.037650669,9.25180698,495.5791371,352.0551371
0.102756842,9.42547861,1163.77956,462.8909042
0.024882853,9.507384284,-78.62272152,-62.23921335
0.043327023,9.611586503,-312.1440403,-207.637237
0.110548165,9.948036887,-133.2692251,-46.9593577
0.088598367,10.38193118,1019.60624,422.3522203
0.036620126,10.68813307,-246.3612602,-167.7365338
0.093313979,10.79966363,172.3720862,65.77108976
0.074197623,10.99360987,673.3507773,306.5589066
0.087209498,12.53931945,-340.9514564,-119.4948694
